PRAGMA foreign_keys=OFF;
BEGIN TRANSACTION;
CREATE TABLE IF NOT EXISTS "django_migrations" ("id" integer NOT NULL PRIMARY KEY AUTOINCREMENT, "app" varchar(255) NOT NULL, "name" varchar(255) NOT NULL, "applied" datetime NOT NULL);
INSERT INTO django_migrations VALUES(1,'contenttypes','0001_initial','2023-03-29 22:24:06.746915');
INSERT INTO django_migrations VALUES(2,'auth','0001_initial','2023-03-29 22:24:06.787074');
INSERT INTO django_migrations VALUES(3,'admin','0001_initial','2023-03-29 22:24:06.818036');
INSERT INTO django_migrations VALUES(4,'admin','0002_logentry_remove_auto_add','2023-03-29 22:24:06.840264');
INSERT INTO django_migrations VALUES(5,'admin','0003_logentry_add_action_flag_choices','2023-03-29 22:24:06.861066');
INSERT INTO django_migrations VALUES(6,'contenttypes','0002_remove_content_type_name','2023-03-29 22:24:06.888780');
INSERT INTO django_migrations VALUES(7,'auth','0002_alter_permission_name_max_length','2023-03-29 22:24:06.909222');
INSERT INTO django_migrations VALUES(8,'auth','0003_alter_user_email_max_length','2023-03-29 22:24:06.929672');
INSERT INTO django_migrations VALUES(9,'auth','0004_alter_user_username_opts','2023-03-29 22:24:06.949889');
INSERT INTO django_migrations VALUES(10,'auth','0005_alter_user_last_login_null','2023-03-29 22:24:06.972073');
INSERT INTO django_migrations VALUES(11,'auth','0006_require_contenttypes_0002','2023-03-29 22:24:06.983021');
INSERT INTO django_migrations VALUES(12,'auth','0007_alter_validators_add_error_messages','2023-03-29 22:24:07.003857');
INSERT INTO django_migrations VALUES(13,'auth','0008_alter_user_username_max_length','2023-03-29 22:24:07.030392');
INSERT INTO django_migrations VALUES(14,'auth','0009_alter_user_last_name_max_length','2023-03-29 22:24:07.056782');
INSERT INTO django_migrations VALUES(15,'auth','0010_alter_group_name_max_length','2023-03-29 22:24:07.082680');
INSERT INTO django_migrations VALUES(16,'auth','0011_update_proxy_permissions','2023-03-29 22:24:07.104242');
INSERT INTO django_migrations VALUES(17,'auth','0012_alter_user_first_name_max_length','2023-03-29 22:24:07.134707');
INSERT INTO django_migrations VALUES(18,'usuarios','0001_initial','2023-03-29 22:24:07.151578');
INSERT INTO django_migrations VALUES(19,'usuarios','0002_turma_usuario_nome_turma','2023-03-29 22:24:07.185310');
INSERT INTO django_migrations VALUES(20,'usuarios','0003_remove_usuario_nome_turma_usuario_turma','2023-03-29 22:24:07.211938');
INSERT INTO django_migrations VALUES(21,'usuarios','0004_rename_nome_turma_turma_nome','2023-03-29 22:24:07.231530');
INSERT INTO django_migrations VALUES(22,'usuarios','0005_rename_nome_turma_nometurma','2023-03-29 22:24:07.248339');
INSERT INTO django_migrations VALUES(23,'usuarios','0006_rename_nometurma_turma_nome','2023-03-29 22:24:07.264041');
INSERT INTO django_migrations VALUES(24,'usuarios','0007_usuario_telefone_alter_usuario_turma','2023-03-29 22:24:07.289856');
INSERT INTO django_migrations VALUES(25,'livro','0001_initial','2023-03-29 22:24:07.303379');
INSERT INTO django_migrations VALUES(26,'livro','0002_alter_livros_options_alter_livros_co_autor_and_more','2023-03-29 22:24:07.323069');
INSERT INTO django_migrations VALUES(27,'livro','0003_alter_livros_data_cadastro','2023-03-29 22:24:07.352059');
INSERT INTO django_migrations VALUES(28,'livro','0004_remove_livros_data_emprestado_livros_data_emprestimo_and_more','2023-03-29 22:24:07.396288');
INSERT INTO django_migrations VALUES(29,'livro','0005_categoria_livros_categoria','2023-03-29 22:24:07.416748');
INSERT INTO django_migrations VALUES(30,'livro','0006_livros_usuario','2023-03-29 22:24:07.438857');
INSERT INTO django_migrations VALUES(31,'livro','0007_remove_livros_usuario_livros_usuario','2023-03-29 22:24:07.468857');
INSERT INTO django_migrations VALUES(32,'livro','0008_alter_livros_usuario','2023-03-29 22:24:07.491415');
INSERT INTO django_migrations VALUES(33,'livro','0009_alter_livros_data_emprestimo_and_more','2023-03-29 22:24:07.524827');
INSERT INTO django_migrations VALUES(34,'livro','0010_turma_livros_turma','2023-03-29 22:24:07.561517');
INSERT INTO django_migrations VALUES(35,'livro','0011_remove_turma_nome_turma_turma_color_and_more','2023-03-29 22:24:07.591337');
INSERT INTO django_migrations VALUES(36,'livro','0012_remove_livros_turma','2023-03-29 22:24:07.615923');
INSERT INTO django_migrations VALUES(37,'livro','0013_remove_turma_color_livros_nome_turma_and_more','2023-03-29 22:24:07.637743');
INSERT INTO django_migrations VALUES(38,'livro','0014_alter_livros_nome_turma_alter_turma_nome_turma','2023-03-29 22:24:07.660701');
INSERT INTO django_migrations VALUES(39,'livro','0015_alter_livros_nome_turma_delete_turma','2023-03-29 22:24:07.682937');
INSERT INTO django_migrations VALUES(40,'livro','0016_livros_img','2023-03-29 22:24:07.702179');
INSERT INTO django_migrations VALUES(41,'livro','0017_alter_livros_img','2023-03-29 22:24:07.721903');
INSERT INTO django_migrations VALUES(42,'livro','0018_alter_livros_options_remove_livros_categoria_and_more','2023-03-29 22:24:07.784337');
INSERT INTO django_migrations VALUES(43,'livro','0019_remove_livros_emprestado','2023-03-29 22:24:07.799848');
INSERT INTO django_migrations VALUES(44,'livro','0020_alter_emprestimos_options_alter_livros_options_and_more','2023-03-29 22:24:07.836071');
INSERT INTO django_migrations VALUES(45,'livro','0021_rename_titulo_emprestimos_emprestado','2023-03-29 22:24:07.856358');
INSERT INTO django_migrations VALUES(46,'livro','0022_emprestimos_emprestimo','2023-03-29 22:24:07.883653');
INSERT INTO django_migrations VALUES(47,'livro','0023_remove_emprestimos_categoria_livros_categoria','2023-03-29 22:24:07.911119');
INSERT INTO django_migrations VALUES(48,'livro','0024_remove_emprestimos_emprestimo_livros_emprestimo','2023-03-29 22:24:07.936066');
INSERT INTO django_migrations VALUES(49,'livro','0025_emprestimos_emprestimos','2023-03-29 22:24:07.955791');
INSERT INTO django_migrations VALUES(50,'livro','0026_remove_emprestimos_emprestimos_and_more','2023-03-29 22:24:07.987711');
INSERT INTO django_migrations VALUES(51,'livro','0027_alter_emprestimos_emprestimo','2023-03-29 22:24:08.003938');
INSERT INTO django_migrations VALUES(52,'livro','0028_remove_emprestimos_emprestimo','2023-03-29 22:24:08.021351');
INSERT INTO django_migrations VALUES(53,'livro','0029_emprestado_emprestimos_emprestimo_and_more','2023-03-29 22:24:08.054716');
INSERT INTO django_migrations VALUES(54,'livro','0030_alter_emprestimos_emprestimo_alter_livros_emprestimo','2023-03-29 22:24:08.086262');
INSERT INTO django_migrations VALUES(55,'livro','0031_rename_emprestimo_emprestado_emprestar','2023-03-29 22:24:08.106772');
INSERT INTO django_migrations VALUES(56,'livro','0032_remove_emprestimos_emprestimo_and_more','2023-03-29 22:24:08.151074');
INSERT INTO django_migrations VALUES(57,'sessions','0001_initial','2023-03-29 22:24:08.181691');
INSERT INTO django_migrations VALUES(58,'livro','0033_alter_livros_emprestar','2023-03-29 22:26:41.199927');
INSERT INTO django_migrations VALUES(59,'livro','0034_alter_emprestimos_emprestar','2023-03-29 22:40:08.545423');
INSERT INTO django_migrations VALUES(60,'livro','0035_remove_emprestimos_emprestar_remove_livros_categoria_and_more','2023-03-29 22:43:35.885931');
INSERT INTO django_migrations VALUES(61,'livro','0036_emprestimos_emprestar','2023-03-29 22:44:51.872111');
INSERT INTO django_migrations VALUES(62,'livro','0037_remove_emprestimos_emprestar','2023-03-29 22:58:37.485012');
INSERT INTO django_migrations VALUES(63,'livro','0038_emprestimos_estaemprestado','2023-03-29 22:59:30.874375');
INSERT INTO django_migrations VALUES(64,'livro','0039_remove_emprestimos_estaemprestado','2023-03-29 23:26:02.041183');
INSERT INTO django_migrations VALUES(65,'livro','0040_livros_emprestado','2023-03-29 23:42:56.199662');
INSERT INTO django_migrations VALUES(66,'livro','0041_emprestimos_estaemprestado','2023-03-29 23:54:30.720053');
INSERT INTO django_migrations VALUES(67,'livro','0042_remove_livros_emprestado','2023-03-30 00:18:55.001222');
INSERT INTO django_migrations VALUES(68,'livro','0043_rename_estaemprestado_emprestimos_esta_emprestado','2023-03-30 00:28:08.473876');
INSERT INTO django_migrations VALUES(69,'livro','0044_livros_esta_emprestado','2023-03-30 00:35:53.263230');
INSERT INTO django_migrations VALUES(70,'livro','0045_remove_emprestimos_categoria_livros_categoria','2023-03-31 23:45:45.697356');
INSERT INTO django_migrations VALUES(71,'livro','0046_livros_quantidade','2023-04-01 01:55:47.287331');
INSERT INTO django_migrations VALUES(72,'livro','0047_alter_livros_quantidade','2023-04-01 01:58:53.730878');
CREATE TABLE IF NOT EXISTS "auth_group_permissions" ("id" integer NOT NULL PRIMARY KEY AUTOINCREMENT, "group_id" integer NOT NULL REFERENCES "auth_group" ("id") DEFERRABLE INITIALLY DEFERRED, "permission_id" integer NOT NULL REFERENCES "auth_permission" ("id") DEFERRABLE INITIALLY DEFERRED);
CREATE TABLE IF NOT EXISTS "auth_user_groups" ("id" integer NOT NULL PRIMARY KEY AUTOINCREMENT, "user_id" integer NOT NULL REFERENCES "auth_user" ("id") DEFERRABLE INITIALLY DEFERRED, "group_id" integer NOT NULL REFERENCES "auth_group" ("id") DEFERRABLE INITIALLY DEFERRED);
CREATE TABLE IF NOT EXISTS "auth_user_user_permissions" ("id" integer NOT NULL PRIMARY KEY AUTOINCREMENT, "user_id" integer NOT NULL REFERENCES "auth_user" ("id") DEFERRABLE INITIALLY DEFERRED, "permission_id" integer NOT NULL REFERENCES "auth_permission" ("id") DEFERRABLE INITIALLY DEFERRED);
CREATE TABLE IF NOT EXISTS "django_admin_log" ("id" integer NOT NULL PRIMARY KEY AUTOINCREMENT, "object_id" text NULL, "object_repr" varchar(200) NOT NULL, "action_flag" smallint unsigned NOT NULL CHECK ("action_flag" >= 0), "change_message" text NOT NULL, "content_type_id" integer NULL REFERENCES "django_content_type" ("id") DEFERRABLE INITIALLY DEFERRED, "user_id" integer NOT NULL REFERENCES "auth_user" ("id") DEFERRABLE INITIALLY DEFERRED, "action_time" datetime NOT NULL);
INSERT INTO django_admin_log VALUES(1,'1','teste',1,'[{"added": {}}]',8,1,'2023-03-29 22:37:03.975920');
INSERT INTO django_admin_log VALUES(2,'1','teste',1,'[{"added": {}}]',7,1,'2023-03-29 22:37:20.185254');
INSERT INTO django_admin_log VALUES(3,'1','patriky',1,'[{"added": {}}]',9,1,'2023-03-29 22:45:08.257725');
INSERT INTO django_admin_log VALUES(4,'2','asdasdasdasdas',1,'[{"added": {}}]',7,1,'2023-03-29 23:29:45.156428');
INSERT INTO django_admin_log VALUES(5,'2','asdasdasdasdas',1,'[{"added": {}}]',9,1,'2023-03-29 23:31:50.001173');
INSERT INTO django_admin_log VALUES(6,'3','asdasdasdasdasdasdasdasdasdasdasdas',1,'[{"added": {}}]',7,1,'2023-03-29 23:33:27.665842');
INSERT INTO django_admin_log VALUES(7,'1','teste',2,'[{"changed": {"fields": ["Emprestado"]}}]',7,1,'2023-03-29 23:43:43.569044');
INSERT INTO django_admin_log VALUES(8,'2','asdasdasdasdas',2,'[{"changed": {"fields": ["Emprestado"]}}]',7,1,'2023-03-29 23:45:28.653495');
INSERT INTO django_admin_log VALUES(9,'1','teste',2,'[{"changed": {"fields": ["EstaEMprestado"]}}]',9,1,'2023-03-29 23:55:04.777480');
INSERT INTO django_admin_log VALUES(10,'2','asdasdasdasdas',2,'[{"changed": {"fields": ["EstaEMprestado"]}}]',9,1,'2023-03-29 23:55:08.738435');
INSERT INTO django_admin_log VALUES(11,'2','asdasdasdasdas',2,'[{"changed": {"fields": ["Emprestado"]}}]',7,1,'2023-03-29 23:55:18.344923');
INSERT INTO django_admin_log VALUES(12,'2','asdasdasdasdas',2,'[{"changed": {"fields": ["EstaEMprestado"]}}]',9,1,'2023-03-29 23:55:26.443061');
INSERT INTO django_admin_log VALUES(13,'2','asdasdasdasdas',2,'[{"changed": {"fields": ["EstaEMprestado"]}}]',9,1,'2023-03-29 23:55:29.509740');
INSERT INTO django_admin_log VALUES(14,'1','teste',2,'[]',9,1,'2023-03-29 23:57:51.137662');
INSERT INTO django_admin_log VALUES(15,'1','teste',2,'[{"changed": {"fields": ["EstaEMprestado"]}}]',9,1,'2023-03-29 23:59:40.378321');
INSERT INTO django_admin_log VALUES(16,'1','teste',2,'[{"changed": {"fields": ["EstaEMprestado"]}}]',9,1,'2023-03-30 00:12:51.841657');
INSERT INTO django_admin_log VALUES(17,'2','asdasdasdasdas',2,'[{"changed": {"fields": ["EstaEMprestado"]}}]',9,1,'2023-03-30 00:13:07.745651');
INSERT INTO django_admin_log VALUES(18,'3','teste',1,'[{"added": {}}]',9,1,'2023-03-30 00:13:34.432852');
INSERT INTO django_admin_log VALUES(19,'3','teste',2,'[{"changed": {"fields": ["EstaEMprestado"]}}]',9,1,'2023-03-30 00:14:01.658823');
INSERT INTO django_admin_log VALUES(20,'4','livro',1,'[{"added": {}}]',7,1,'2023-03-30 00:19:36.269554');
INSERT INTO django_admin_log VALUES(21,'4','livro',1,'[{"added": {}}]',9,1,'2023-03-30 00:20:26.278610');
INSERT INTO django_admin_log VALUES(22,'4','livro',2,'[{"changed": {"fields": ["EstaEMprestado"]}}]',9,1,'2023-03-30 00:20:42.701175');
INSERT INTO django_admin_log VALUES(23,'4','livro',2,'[]',9,1,'2023-03-30 00:20:54.188155');
INSERT INTO django_admin_log VALUES(24,'1','teste',2,'[{"changed": {"fields": ["EstaEMprestado"]}}]',9,1,'2023-03-30 00:21:27.296610');
INSERT INTO django_admin_log VALUES(25,'4','livro',2,'[{"changed": {"fields": ["Esta emprestado"]}}]',9,1,'2023-03-30 00:36:47.551650');
INSERT INTO django_admin_log VALUES(26,'4','livro',2,'[]',9,1,'2023-03-30 00:36:49.932132');
INSERT INTO django_admin_log VALUES(27,'4','livro',2,'[{"changed": {"fields": ["Esta emprestado"]}}]',9,1,'2023-03-30 00:37:02.717255');
INSERT INTO django_admin_log VALUES(28,'4','livro',2,'[{"changed": {"fields": ["Esta emprestado"]}}]',9,1,'2023-03-30 00:37:36.501371');
INSERT INTO django_admin_log VALUES(29,'1','teste',2,'[{"changed": {"fields": ["Esta emprestado"]}}]',9,1,'2023-03-30 00:38:04.405225');
INSERT INTO django_admin_log VALUES(30,'5','testando dispolivel',1,'[{"added": {}}]',7,1,'2023-03-30 00:41:02.100248');
INSERT INTO django_admin_log VALUES(31,'5','testando dispolivel',2,'[{"changed": {"fields": ["Img"]}}]',7,1,'2023-03-30 00:41:43.680457');
INSERT INTO django_admin_log VALUES(32,'5','livro',1,'[{"added": {}}]',9,1,'2023-03-31 22:16:42.945225');
INSERT INTO django_admin_log VALUES(33,'5','livro',2,'[]',9,1,'2023-03-31 22:16:57.396190');
INSERT INTO django_admin_log VALUES(34,'5','livro',3,'',9,1,'2023-03-31 22:17:12.654872');
INSERT INTO django_admin_log VALUES(35,'4','livro',3,'',9,1,'2023-03-31 22:17:12.683230');
INSERT INTO django_admin_log VALUES(36,'3','teste',3,'',9,1,'2023-03-31 22:17:12.705318');
INSERT INTO django_admin_log VALUES(37,'2','asdasdasdasdas',3,'',9,1,'2023-03-31 22:17:12.714928');
INSERT INTO django_admin_log VALUES(38,'1','teste',3,'',9,1,'2023-03-31 22:17:12.724967');
INSERT INTO django_admin_log VALUES(39,'5','testando dispolivel',3,'',7,1,'2023-03-31 22:18:00.811345');
INSERT INTO django_admin_log VALUES(40,'4','livro',3,'',7,1,'2023-03-31 22:18:00.826043');
INSERT INTO django_admin_log VALUES(41,'3','asdasdasdasdasdasdasdasdasdasdasdas',3,'',7,1,'2023-03-31 22:18:00.836785');
INSERT INTO django_admin_log VALUES(42,'2','asdasdasdasdas',3,'',7,1,'2023-03-31 22:18:00.847607');
INSERT INTO django_admin_log VALUES(43,'1','teste',3,'',7,1,'2023-03-31 22:18:00.858662');
INSERT INTO django_admin_log VALUES(44,'6','INFORMÁTICA PARA CONCURSO',1,'[{"added": {}}]',7,1,'2023-03-31 22:18:34.214741');
INSERT INTO django_admin_log VALUES(45,'6','INFORMÁTICA PARA CONCURSO',1,'[{"added": {}}]',9,1,'2023-03-31 22:19:04.958906');
INSERT INTO django_admin_log VALUES(46,'6','INFORMÁTICA PARA CONCURSO',2,'[]',9,1,'2023-03-31 22:19:13.937225');
INSERT INTO django_admin_log VALUES(47,'6','INFORMÁTICA PARA CONCURSO',2,'[{"changed": {"fields": ["Esta emprestado"]}}]',9,1,'2023-03-31 22:19:22.336649');
INSERT INTO django_admin_log VALUES(48,'6','INFORMÁTICA PARA CONCURSO',2,'[{"changed": {"fields": ["Esta emprestado"]}}]',9,1,'2023-03-31 22:22:35.580127');
INSERT INTO django_admin_log VALUES(49,'6','INFORMÁTICA PARA CONCURSO',3,'',9,1,'2023-03-31 22:22:53.235374');
INSERT INTO django_admin_log VALUES(50,'7','INFORMÁTICA PARA CONCURSO',1,'[{"added": {}}]',9,1,'2023-03-31 22:34:29.032445');
INSERT INTO django_admin_log VALUES(51,'7','INFORMÁTICA PARA CONCURSO',2,'[{"changed": {"fields": ["Esta emprestado"]}}]',9,1,'2023-03-31 22:34:45.401836');
INSERT INTO django_admin_log VALUES(52,'7','INFORMÁTICA PARA CONCURSO',2,'[{"changed": {"fields": ["Esta emprestado"]}}]',9,1,'2023-03-31 22:34:55.203432');
INSERT INTO django_admin_log VALUES(53,'7','INFORMÁTICA PARA CONCURSO',3,'',9,1,'2023-03-31 22:35:13.261036');
INSERT INTO django_admin_log VALUES(54,'8','INFORMÁTICA PARA CONCURSO',1,'[{"added": {}}]',9,1,'2023-03-31 22:39:21.026643');
INSERT INTO django_admin_log VALUES(55,'7','INFORMÁTICA 2',1,'[{"added": {}}]',7,1,'2023-03-31 22:41:39.304539');
INSERT INTO django_admin_log VALUES(56,'8','INFORMÁTICA PARA CONCURSO',2,'[]',9,1,'2023-03-31 22:58:20.158684');
INSERT INTO django_admin_log VALUES(57,'8','INFORMÁTICA PARA CONCURSO',2,'[{"changed": {"fields": ["Esta emprestado"]}}]',9,1,'2023-03-31 23:11:15.536500');
INSERT INTO django_admin_log VALUES(58,'8','INFORMÁTICA PARA CONCURSO',2,'[{"changed": {"fields": ["Esta emprestado"]}}]',9,1,'2023-03-31 23:15:15.373791');
INSERT INTO django_admin_log VALUES(59,'8','INFORMÁTICA PARA CONCURSO',2,'[{"changed": {"fields": ["Esta emprestado"]}}]',9,1,'2023-03-31 23:15:33.644449');
INSERT INTO django_admin_log VALUES(60,'8','INFORMÁTICA PARA CONCURSO',3,'',9,1,'2023-03-31 23:15:40.571945');
INSERT INTO django_admin_log VALUES(61,'1','INFORMÁTICA PARA CONCURSO',1,'[{"added": {}}]',9,1,'2023-03-31 23:46:06.787961');
INSERT INTO django_admin_log VALUES(62,'1','INFORMÁTICA PARA CONCURSO',2,'[{"changed": {"fields": ["Esta emprestado"]}}]',9,1,'2023-03-31 23:48:35.944048');
INSERT INTO django_admin_log VALUES(63,'1','INFORMÁTICA PARA CONCURSO',3,'',9,1,'2023-03-31 23:48:49.510773');
INSERT INTO django_admin_log VALUES(64,'2','INFORMÁTICA 2',1,'[{"added": {}}]',9,1,'2023-03-31 23:49:36.435008');
INSERT INTO django_admin_log VALUES(65,'2','INFORMÁTICA 2',3,'',9,1,'2023-03-31 23:49:53.816022');
INSERT INTO django_admin_log VALUES(66,'3','INFORMÁTICA PARA CONCURSO',1,'[{"added": {}}]',9,1,'2023-03-31 23:50:03.801591');
INSERT INTO django_admin_log VALUES(67,'3','INFORMÁTICA PARA CONCURSO',3,'',9,1,'2023-03-31 23:55:33.312658');
INSERT INTO django_admin_log VALUES(68,'4','INFORMÁTICA PARA CONCURSO',1,'[{"added": {}}]',9,1,'2023-03-31 23:59:39.825381');
INSERT INTO django_admin_log VALUES(69,'4','INFORMÁTICA PARA CONCURSO',2,'[]',9,1,'2023-04-01 00:11:32.892716');
INSERT INTO django_admin_log VALUES(70,'4','INFORMÁTICA PARA CONCURSO',3,'',9,1,'2023-04-01 00:11:44.905547');
INSERT INTO django_admin_log VALUES(71,'5','INFORMÁTICA PARA CONCURSO',1,'[{"added": {}}]',9,1,'2023-04-01 01:01:59.115955');
INSERT INTO django_admin_log VALUES(72,'5','INFORMÁTICA PARA CONCURSO',2,'[{"changed": {"fields": ["Esta emprestado"]}}]',9,1,'2023-04-01 01:02:17.086991');
INSERT INTO django_admin_log VALUES(73,'5','INFORMÁTICA PARA CONCURSO',3,'',9,1,'2023-04-01 01:06:00.922461');
INSERT INTO django_admin_log VALUES(74,'6','INFORMÁTICA 2',1,'[{"added": {}}]',9,1,'2023-04-01 01:08:50.152193');
INSERT INTO django_admin_log VALUES(75,'6','INFORMÁTICA 2',3,'',9,1,'2023-04-01 01:08:59.086765');
INSERT INTO django_admin_log VALUES(76,'6','INFORMÁTICA PARA CONCURSO',3,'',7,1,'2023-04-01 01:09:19.061785');
INSERT INTO django_admin_log VALUES(77,'8','teste delete',1,'[{"added": {}}]',7,1,'2023-04-01 01:09:37.756457');
INSERT INTO django_admin_log VALUES(78,'7','teste delete',1,'[{"added": {}}]',9,1,'2023-04-01 01:09:59.985994');
INSERT INTO django_admin_log VALUES(79,'7','teste delete',3,'',9,1,'2023-04-01 01:10:15.497024');
INSERT INTO django_admin_log VALUES(80,'9','asasa',1,'[{"added": {}}]',7,1,'2023-04-01 01:12:57.777413');
INSERT INTO django_admin_log VALUES(81,'8','asasa',1,'[{"added": {}}]',9,1,'2023-04-01 01:13:16.297730');
INSERT INTO django_admin_log VALUES(82,'8','asasa',3,'',9,1,'2023-04-01 01:13:25.472444');
INSERT INTO django_admin_log VALUES(83,'9','asasa',1,'[{"added": {}}]',9,1,'2023-04-01 01:13:41.332973');
INSERT INTO django_admin_log VALUES(84,'9','asasa',3,'',9,1,'2023-04-01 01:13:56.559256');
INSERT INTO django_admin_log VALUES(85,'10','asasa',1,'[{"added": {}}]',9,1,'2023-04-01 01:16:09.955700');
INSERT INTO django_admin_log VALUES(86,'10','asasa',3,'',9,1,'2023-04-01 01:20:35.912931');
INSERT INTO django_admin_log VALUES(87,'10','asasa',2,'[{"changed": {"fields": ["Esta emprestado"]}}]',9,1,'2023-04-01 01:20:51.577294');
INSERT INTO django_admin_log VALUES(88,'10','asasa',3,'',9,1,'2023-04-01 01:20:59.994335');
INSERT INTO django_admin_log VALUES(89,'10','asasa',3,'',9,1,'2023-04-01 01:21:17.503037');
INSERT INTO django_admin_log VALUES(90,'11','asasa',1,'[{"added": {}}]',9,1,'2023-04-01 01:21:50.061908');
INSERT INTO django_admin_log VALUES(91,'12','INFORMÁTICA 2',1,'[{"added": {}}]',9,1,'2023-04-01 01:23:15.397027');
INSERT INTO django_admin_log VALUES(92,'11','asasa',3,'',9,1,'2023-04-01 01:23:54.368330');
INSERT INTO django_admin_log VALUES(93,'12','INFORMÁTICA 2',3,'',9,1,'2023-04-01 01:42:02.840500');
INSERT INTO django_admin_log VALUES(94,'12','INFORMÁTICA 2',2,'[{"changed": {"fields": ["Esta emprestado"]}}]',9,1,'2023-04-01 01:43:52.658684');
INSERT INTO django_admin_log VALUES(95,'12','INFORMÁTICA 2',3,'',9,1,'2023-04-01 01:43:58.331780');
INSERT INTO django_admin_log VALUES(96,'12','INFORMÁTICA 2',2,'[{"changed": {"fields": ["Esta emprestado"]}}]',9,1,'2023-04-01 01:44:08.982291');
INSERT INTO django_admin_log VALUES(97,'12','INFORMÁTICA 2',3,'',9,1,'2023-04-01 01:44:20.984615');
INSERT INTO django_admin_log VALUES(98,'10','programação',1,'[{"added": {}}]',7,1,'2023-04-01 01:56:21.754292');
INSERT INTO django_admin_log VALUES(99,'10','programação',2,'[]',7,1,'2023-04-01 01:59:07.873084');
INSERT INTO django_admin_log VALUES(100,'13','programação',1,'[{"added": {}}]',9,1,'2023-04-01 01:59:59.334136');
INSERT INTO django_admin_log VALUES(101,'13','programação',3,'',9,1,'2023-04-01 02:00:17.734921');
INSERT INTO django_admin_log VALUES(102,'13','programação',2,'[{"changed": {"fields": ["Esta emprestado"]}}]',9,1,'2023-04-01 02:10:22.532956');
INSERT INTO django_admin_log VALUES(103,'13','programação',2,'[{"changed": {"fields": ["Esta emprestado"]}}]',9,1,'2023-04-01 02:10:48.227732');
INSERT INTO django_admin_log VALUES(104,'13','programação',2,'[{"changed": {"fields": ["Esta emprestado"]}}]',9,1,'2023-04-01 02:11:04.436870');
INSERT INTO django_admin_log VALUES(105,'13','programação',2,'[{"changed": {"fields": ["Esta emprestado"]}}]',9,1,'2023-04-01 02:11:15.247426');
INSERT INTO django_admin_log VALUES(106,'13','programação',2,'[]',9,1,'2023-04-01 02:32:14.769281');
INSERT INTO django_admin_log VALUES(107,'13','programação',2,'[{"changed": {"fields": ["Esta emprestado"]}}]',9,1,'2023-04-01 02:36:04.352663');
INSERT INTO django_admin_log VALUES(108,'13','programação',2,'[{"changed": {"fields": ["Esta emprestado"]}}]',9,1,'2023-04-01 02:36:19.616584');
INSERT INTO django_admin_log VALUES(109,'10','programação',3,'',7,1,'2023-04-01 02:37:43.374574');
INSERT INTO django_admin_log VALUES(110,'9','asasa',3,'',7,1,'2023-04-01 02:37:43.393595');
INSERT INTO django_admin_log VALUES(111,'8','teste delete',3,'',7,1,'2023-04-01 02:37:43.404911');
INSERT INTO django_admin_log VALUES(112,'7','INFORMÁTICA 2',3,'',7,1,'2023-04-01 02:37:43.415775');
INSERT INTO django_admin_log VALUES(113,'9','asasa',3,'',7,1,'2023-04-01 02:37:52.243981');
INSERT INTO django_admin_log VALUES(114,'8','teste delete',3,'',7,1,'2023-04-01 02:37:52.269709');
INSERT INTO django_admin_log VALUES(115,'7','INFORMÁTICA 2',3,'',7,1,'2023-04-01 02:37:52.294044');
INSERT INTO django_admin_log VALUES(116,'13','programação',3,'',9,1,'2023-04-01 02:38:24.482741');
INSERT INTO django_admin_log VALUES(117,'14','programação',1,'[{"added": {}}]',9,1,'2023-04-01 02:38:41.599724');
INSERT INTO django_admin_log VALUES(118,'14','programação',2,'[]',9,1,'2023-04-01 02:41:26.376915');
INSERT INTO django_admin_log VALUES(119,'14','programação',2,'[]',9,1,'2023-04-01 02:41:45.762137');
INSERT INTO django_admin_log VALUES(120,'14','programação',2,'[]',9,1,'2023-04-01 02:43:55.131675');
INSERT INTO django_admin_log VALUES(121,'14','programação',2,'[]',9,1,'2023-04-01 02:46:54.799290');
INSERT INTO django_admin_log VALUES(122,'14','programação',2,'[]',9,1,'2023-04-01 03:00:19.259010');
INSERT INTO django_admin_log VALUES(123,'14','programação',2,'[]',9,1,'2023-04-01 03:01:06.989885');
INSERT INTO django_admin_log VALUES(124,'14','programação',2,'[]',9,1,'2023-04-01 03:02:07.243616');
INSERT INTO django_admin_log VALUES(125,'14','programação',2,'[]',9,1,'2023-04-01 03:08:51.905585');
INSERT INTO django_admin_log VALUES(126,'11','teste',1,'[{"added": {}}]',7,1,'2023-04-02 22:42:10.704005');
INSERT INTO django_admin_log VALUES(127,'15','teste',1,'[{"added": {}}]',9,1,'2023-04-02 22:43:01.744049');
INSERT INTO django_admin_log VALUES(128,'15','teste',3,'',9,1,'2023-04-02 22:43:52.672950');
INSERT INTO django_admin_log VALUES(129,'15','teste',3,'',9,1,'2023-04-02 22:44:00.179226');
INSERT INTO django_admin_log VALUES(130,'16','teste',1,'[{"added": {}}]',9,1,'2023-04-02 22:48:32.233207');
INSERT INTO django_admin_log VALUES(131,'17','teste',1,'[{"added": {}}]',9,1,'2023-04-02 22:54:19.816250');
INSERT INTO django_admin_log VALUES(132,'12','patriky',1,'[{"added": {}}]',7,1,'2023-04-02 22:55:38.228923');
INSERT INTO django_admin_log VALUES(133,'12','patriky',2,'[{"changed": {"fields": ["Quantidade"]}}]',7,1,'2023-04-02 22:55:51.132441');
INSERT INTO django_admin_log VALUES(134,'18','patriky',1,'[{"added": {}}]',9,1,'2023-04-02 22:56:14.579594');
INSERT INTO django_admin_log VALUES(135,'19','patriky',1,'[{"added": {}}]',9,1,'2023-04-02 22:56:27.530236');
INSERT INTO django_admin_log VALUES(136,'19','patriky',3,'',9,1,'2023-04-02 22:56:45.471114');
INSERT INTO django_admin_log VALUES(137,'19','patriky',3,'',9,1,'2023-04-02 22:56:51.182365');
INSERT INTO django_admin_log VALUES(138,'18','patriky',2,'[{"changed": {"fields": ["Esta emprestado"]}}]',9,1,'2023-04-02 22:57:06.306904');
INSERT INTO django_admin_log VALUES(139,'18','patriky',3,'',9,1,'2023-04-02 22:57:14.250695');
INSERT INTO django_admin_log VALUES(140,'12','patriky',2,'[{"changed": {"fields": ["Quantidade"]}}]',7,1,'2023-04-02 23:01:28.346494');
INSERT INTO django_admin_log VALUES(141,'18','patriky',2,'[{"changed": {"fields": ["Usuario", "Esta emprestado"]}}]',9,1,'2023-04-02 23:02:03.817397');
INSERT INTO django_admin_log VALUES(142,'18','patriky',3,'',9,1,'2023-04-02 23:02:10.545328');
INSERT INTO django_admin_log VALUES(143,'18','patriky',2,'[{"changed": {"fields": ["Esta emprestado"]}}]',9,1,'2023-04-02 23:06:05.873348');
INSERT INTO django_admin_log VALUES(144,'18','patriky',3,'',9,1,'2023-04-02 23:06:18.162766');
INSERT INTO django_admin_log VALUES(145,'18','patriky',3,'',9,1,'2023-04-02 23:06:28.090986');
INSERT INTO django_admin_log VALUES(146,'20','patriky',1,'[{"added": {}}]',9,1,'2023-04-02 23:20:53.512250');
INSERT INTO django_admin_log VALUES(147,'20','patriky',3,'',9,1,'2023-04-02 23:54:59.059856');
INSERT INTO django_admin_log VALUES(148,'20','patriky',3,'',9,1,'2023-04-02 23:55:06.415293');
INSERT INTO django_admin_log VALUES(149,'13','INFORMÁTICA PARA CONCURSO',1,'[{"added": {}}]',7,1,'2023-04-02 23:55:41.699202');
INSERT INTO django_admin_log VALUES(150,'17','teste',3,'',9,1,'2023-04-03 00:11:43.620840');
INSERT INTO django_admin_log VALUES(151,'16','teste',3,'',9,1,'2023-04-03 00:11:43.639336');
INSERT INTO django_admin_log VALUES(152,'14','programação',3,'',9,1,'2023-04-03 00:11:43.649709');
INSERT INTO django_admin_log VALUES(153,'21','INFORMÁTICA PARA CONCURSO',1,'[{"added": {}}]',9,1,'2023-04-03 00:11:57.499699');
INSERT INTO django_admin_log VALUES(154,'13','INFORMÁTICA PARA CONCURSO',2,'[{"changed": {"fields": ["Quantidade"]}}]',7,1,'2023-04-03 00:25:09.620082');
INSERT INTO django_admin_log VALUES(155,'21','INFORMÁTICA PARA CONCURSO',3,'',9,1,'2023-04-03 00:25:25.580034');
INSERT INTO django_admin_log VALUES(156,'22','INFORMÁTICA PARA CONCURSO (Indisponível)',1,'[{"added": {}}]',9,1,'2023-04-03 00:25:32.853638');
INSERT INTO django_admin_log VALUES(157,'22','INFORMÁTICA PARA CONCURSO (Indisponível)',3,'',9,1,'2023-04-03 00:28:51.447387');
INSERT INTO django_admin_log VALUES(158,'22','INFORMÁTICA PARA CONCURSO (Indisponível) (Indisponível)',3,'',9,1,'2023-04-03 00:28:57.976490');
INSERT INTO django_admin_log VALUES(159,'23','INFORMÁTICA PARA CONCURSO (Indisponível) (Indisponível) (Indisponível)',1,'[{"added": {}}]',9,1,'2023-04-03 00:36:54.608934');
INSERT INTO django_admin_log VALUES(160,'23','INFORMÁTICA PARA CONCURSO (Indisponível) (Indisponível) (Indisponível)',3,'',9,1,'2023-04-03 00:43:23.817923');
INSERT INTO django_admin_log VALUES(161,'13','INFORMÁTICA PARA CONCURSO (Indisponível) (Indisponível) (Indisponível)',3,'',7,1,'2023-04-03 00:44:06.579875');
INSERT INTO django_admin_log VALUES(162,'24','patriky (Indisponível)',1,'[{"added": {}}]',9,1,'2023-04-03 00:46:27.975710');
INSERT INTO django_admin_log VALUES(163,'24','patriky (Indisponível)',3,'',9,1,'2023-04-03 00:47:18.118970');
INSERT INTO django_admin_log VALUES(164,'24','patriky (Indisponível) (Indisponível)',3,'',9,1,'2023-04-03 00:47:26.042537');
INSERT INTO django_admin_log VALUES(165,'12','patriky',2,'[{"changed": {"fields": ["Nome"]}}]',7,1,'2023-04-03 00:49:18.091858');
INSERT INTO django_admin_log VALUES(166,'25','patriky (Indisponível)',1,'[{"added": {}}]',9,1,'2023-04-03 00:49:34.422492');
INSERT INTO django_admin_log VALUES(167,'25','patriky (Indisponível)',3,'',9,1,'2023-04-03 00:49:49.729867');
INSERT INTO django_admin_log VALUES(168,'25','patriky (Indisponível) (Indisponível)',3,'',9,1,'2023-04-03 00:49:56.738505');
INSERT INTO django_admin_log VALUES(169,'12','patriky',2,'[{"changed": {"fields": ["Nome"]}}]',7,1,'2023-04-03 00:53:18.458230');
INSERT INTO django_admin_log VALUES(170,'26','patriky (Indisponível)',1,'[{"added": {}}]',9,1,'2023-04-03 00:53:34.797775');
INSERT INTO django_admin_log VALUES(171,'26','patriky (Indisponível)',3,'',9,1,'2023-04-03 00:53:49.978307');
INSERT INTO django_admin_log VALUES(172,'26','patriky  ',3,'',9,1,'2023-04-03 00:54:01.290589');
INSERT INTO django_admin_log VALUES(173,'12','patriky',2,'[{"changed": {"fields": ["Img", "Nome"]}}]',7,1,'2023-04-03 01:33:15.656308');
INSERT INTO django_admin_log VALUES(174,'11','teste',2,'[{"changed": {"fields": ["Img"]}}]',7,1,'2023-04-03 01:41:31.003044');
INSERT INTO django_admin_log VALUES(175,'11','teste',2,'[]',7,1,'2023-04-03 01:41:34.536300');
INSERT INTO django_admin_log VALUES(176,'11','teste',2,'[]',7,1,'2023-04-03 01:51:16.203347');
INSERT INTO django_admin_log VALUES(177,'10','programação',2,'[{"changed": {"fields": ["Img"]}}]',7,1,'2023-04-03 01:51:38.466847');
INSERT INTO django_admin_log VALUES(178,'27','patriky (Indisponível)',1,'[{"added": {}}]',9,1,'2023-04-03 01:52:45.745098');
INSERT INTO django_admin_log VALUES(179,'27','patriky (Indisponível)',3,'',9,1,'2023-04-03 01:53:08.875379');
INSERT INTO django_admin_log VALUES(180,'27','patriky  ',3,'',9,1,'2023-04-03 01:53:15.626028');
INSERT INTO django_admin_log VALUES(181,'14','portugues',1,'[{"added": {}}]',7,1,'2023-04-03 01:55:00.068698');
INSERT INTO django_admin_log VALUES(182,'15','romance',1,'[{"added": {}}]',7,1,'2023-04-03 01:55:38.948180');
INSERT INTO django_admin_log VALUES(183,'16','historia',1,'[{"added": {}}]',7,1,'2023-04-03 01:57:19.193848');
INSERT INTO django_admin_log VALUES(184,'28','historia (Indisponível)',1,'[{"added": {}}]',9,1,'2023-04-03 02:05:59.978566');
INSERT INTO django_admin_log VALUES(185,'28','historia (Indisponível)',3,'',9,1,'2023-04-03 02:06:21.635130');
INSERT INTO django_admin_log VALUES(186,'28','historia  ',3,'',9,1,'2023-04-03 02:06:29.734105');
INSERT INTO django_admin_log VALUES(187,'17','alanne',1,'[{"added": {}}]',7,1,'2023-04-03 02:12:04.832305');
INSERT INTO django_admin_log VALUES(188,'18','teste2',1,'[{"added": {}}]',7,1,'2023-04-03 02:14:26.886660');
INSERT INTO django_admin_log VALUES(189,'1','2º D - Tec',1,'[{"added": {}}]',12,1,'2023-04-03 22:06:11.153181');
INSERT INTO django_admin_log VALUES(190,'2','1º A',1,'[{"added": {}}]',12,1,'2023-04-03 22:06:17.847577');
INSERT INTO django_admin_log VALUES(191,'29','portugues',1,'[{"added": {}}]',9,1,'2023-04-08 20:53:19.279622');
INSERT INTO django_admin_log VALUES(192,'29','portugues (Indisponível)',2,'[]',9,1,'2023-04-08 20:53:52.818436');
INSERT INTO django_admin_log VALUES(193,'29','portugues (Indisponível)',3,'',9,1,'2023-04-08 20:55:09.029084');
INSERT INTO django_admin_log VALUES(194,'29','portugues  ',3,'',9,1,'2023-04-08 20:55:40.029909');
INSERT INTO django_admin_log VALUES(195,'29','portugues  ',3,'',9,1,'2023-04-08 20:55:54.743753');
INSERT INTO django_admin_log VALUES(196,'30','portugues  ',1,'[{"added": {}}]',9,1,'2023-04-08 20:56:31.524083');
INSERT INTO django_admin_log VALUES(197,'30','portugues  ',2,'[{"changed": {"fields": ["Esta emprestado"]}}]',9,1,'2023-04-08 20:56:49.365011');
INSERT INTO django_admin_log VALUES(198,'31','patriky   (Indisponível)',1,'[{"added": {}}]',9,1,'2023-04-29 04:46:11.855573');
CREATE TABLE IF NOT EXISTS "django_content_type" ("id" integer NOT NULL PRIMARY KEY AUTOINCREMENT, "app_label" varchar(100) NOT NULL, "model" varchar(100) NOT NULL);
INSERT INTO django_content_type VALUES(1,'admin','logentry');
INSERT INTO django_content_type VALUES(2,'auth','permission');
INSERT INTO django_content_type VALUES(3,'auth','group');
INSERT INTO django_content_type VALUES(4,'auth','user');
INSERT INTO django_content_type VALUES(5,'contenttypes','contenttype');
INSERT INTO django_content_type VALUES(6,'sessions','session');
INSERT INTO django_content_type VALUES(7,'livro','livros');
INSERT INTO django_content_type VALUES(8,'livro','categoria');
INSERT INTO django_content_type VALUES(9,'livro','emprestimos');
INSERT INTO django_content_type VALUES(10,'livro','emprestado');
INSERT INTO django_content_type VALUES(11,'usuarios','usuario');
INSERT INTO django_content_type VALUES(12,'usuarios','turma');
CREATE TABLE IF NOT EXISTS "auth_permission" ("id" integer NOT NULL PRIMARY KEY AUTOINCREMENT, "content_type_id" integer NOT NULL REFERENCES "django_content_type" ("id") DEFERRABLE INITIALLY DEFERRED, "codename" varchar(100) NOT NULL, "name" varchar(255) NOT NULL);
INSERT INTO auth_permission VALUES(1,1,'add_logentry','Can add log entry');
INSERT INTO auth_permission VALUES(2,1,'change_logentry','Can change log entry');
INSERT INTO auth_permission VALUES(3,1,'delete_logentry','Can delete log entry');
INSERT INTO auth_permission VALUES(4,1,'view_logentry','Can view log entry');
INSERT INTO auth_permission VALUES(5,2,'add_permission','Can add permission');
INSERT INTO auth_permission VALUES(6,2,'change_permission','Can change permission');
INSERT INTO auth_permission VALUES(7,2,'delete_permission','Can delete permission');
INSERT INTO auth_permission VALUES(8,2,'view_permission','Can view permission');
INSERT INTO auth_permission VALUES(9,3,'add_group','Can add group');
INSERT INTO auth_permission VALUES(10,3,'change_group','Can change group');
INSERT INTO auth_permission VALUES(11,3,'delete_group','Can delete group');
INSERT INTO auth_permission VALUES(12,3,'view_group','Can view group');
INSERT INTO auth_permission VALUES(13,4,'add_user','Can add user');
INSERT INTO auth_permission VALUES(14,4,'change_user','Can change user');
INSERT INTO auth_permission VALUES(15,4,'delete_user','Can delete user');
INSERT INTO auth_permission VALUES(16,4,'view_user','Can view user');
INSERT INTO auth_permission VALUES(17,5,'add_contenttype','Can add content type');
INSERT INTO auth_permission VALUES(18,5,'change_contenttype','Can change content type');
INSERT INTO auth_permission VALUES(19,5,'delete_contenttype','Can delete content type');
INSERT INTO auth_permission VALUES(20,5,'view_contenttype','Can view content type');
INSERT INTO auth_permission VALUES(21,6,'add_session','Can add session');
INSERT INTO auth_permission VALUES(22,6,'change_session','Can change session');
INSERT INTO auth_permission VALUES(23,6,'delete_session','Can delete session');
INSERT INTO auth_permission VALUES(24,6,'view_session','Can view session');
INSERT INTO auth_permission VALUES(25,7,'add_livros','Can add Livro');
INSERT INTO auth_permission VALUES(26,7,'change_livros','Can change Livro');
INSERT INTO auth_permission VALUES(27,7,'delete_livros','Can delete Livro');
INSERT INTO auth_permission VALUES(28,7,'view_livros','Can view Livro');
INSERT INTO auth_permission VALUES(29,8,'add_categoria','Can add categoria');
INSERT INTO auth_permission VALUES(30,8,'change_categoria','Can change categoria');
INSERT INTO auth_permission VALUES(31,8,'delete_categoria','Can delete categoria');
INSERT INTO auth_permission VALUES(32,8,'view_categoria','Can view categoria');
INSERT INTO auth_permission VALUES(33,9,'add_emprestimos','Can add Emprestimo');
INSERT INTO auth_permission VALUES(34,9,'change_emprestimos','Can change Emprestimo');
INSERT INTO auth_permission VALUES(35,9,'delete_emprestimos','Can delete Emprestimo');
INSERT INTO auth_permission VALUES(36,9,'view_emprestimos','Can view Emprestimo');
INSERT INTO auth_permission VALUES(37,10,'add_emprestado','Can add emprestado');
INSERT INTO auth_permission VALUES(38,10,'change_emprestado','Can change emprestado');
INSERT INTO auth_permission VALUES(39,10,'delete_emprestado','Can delete emprestado');
INSERT INTO auth_permission VALUES(40,10,'view_emprestado','Can view emprestado');
INSERT INTO auth_permission VALUES(41,11,'add_usuario','Can add usuario');
INSERT INTO auth_permission VALUES(42,11,'change_usuario','Can change usuario');
INSERT INTO auth_permission VALUES(43,11,'delete_usuario','Can delete usuario');
INSERT INTO auth_permission VALUES(44,11,'view_usuario','Can view usuario');
INSERT INTO auth_permission VALUES(45,12,'add_turma','Can add turma');
INSERT INTO auth_permission VALUES(46,12,'change_turma','Can change turma');
INSERT INTO auth_permission VALUES(47,12,'delete_turma','Can delete turma');
INSERT INTO auth_permission VALUES(48,12,'view_turma','Can view turma');
CREATE TABLE IF NOT EXISTS "auth_group" ("id" integer NOT NULL PRIMARY KEY AUTOINCREMENT, "name" varchar(150) NOT NULL UNIQUE);
CREATE TABLE IF NOT EXISTS "auth_user" ("id" integer NOT NULL PRIMARY KEY AUTOINCREMENT, "password" varchar(128) NOT NULL, "last_login" datetime NULL, "is_superuser" bool NOT NULL, "username" varchar(150) NOT NULL UNIQUE, "last_name" varchar(150) NOT NULL, "email" varchar(254) NOT NULL, "is_staff" bool NOT NULL, "is_active" bool NOT NULL, "date_joined" datetime NOT NULL, "first_name" varchar(150) NOT NULL);
INSERT INTO auth_user VALUES(1,'pbkdf2_sha256$390000$9wtVfmztmMeQ1qBvVt8HYt$+AT1ry2oCYle2BG/dOvvZ24vsfQoyoxCrzBSOSJ5x44=','2023-04-29 04:45:38.454606',1,'patriky','','',1,1,'2023-03-29 22:24:39.508053','');
CREATE TABLE IF NOT EXISTS "usuarios_turma" ("id" integer NOT NULL PRIMARY KEY AUTOINCREMENT, "nome" varchar(50) NULL);
INSERT INTO usuarios_turma VALUES(1,'2º D - Tec');
INSERT INTO usuarios_turma VALUES(2,'1º A');
CREATE TABLE IF NOT EXISTS "usuarios_usuario" ("id" integer NOT NULL PRIMARY KEY AUTOINCREMENT, "nome" varchar(30) NOT NULL, "email" varchar(254) NOT NULL, "senha" varchar(64) NOT NULL, "telefone" varchar(11) NOT NULL, "turma_id" bigint NULL REFERENCES "usuarios_turma" ("id") DEFERRABLE INITIALLY DEFERRED);
INSERT INTO usuarios_usuario VALUES(1,'patriky','patrikybrito1@gmail.com','ef797c8118f02dfb649607dd5d3f8c7623048c9c063d532cc95c5ed7a898a64f','',NULL);
INSERT INTO usuarios_usuario VALUES(2,'patriky','patrikybrito11@gmail.com','15e2b0d3c33891ebb0f1ef609ec419420c20e320ce94c65fbc8c3312448eb225','',NULL);
INSERT INTO usuarios_usuario VALUES(3,'alanne','enejpg@gmail.com','15e2b0d3c33891ebb0f1ef609ec419420c20e320ce94c65fbc8c3312448eb225','',NULL);
INSERT INTO usuarios_usuario VALUES(4,'horberlan','horberlan@gmail.com','8899ad6bdd7e96a0f3767aa3fcc1c89f11cd0ea9b61efcc3e4b67d7360c911f6','',NULL);
INSERT INTO usuarios_usuario VALUES(5,'patriky','alanne@gmail.com','ef797c8118f02dfb649607dd5d3f8c7623048c9c063d532cc95c5ed7a898a64f','',NULL);
INSERT INTO usuarios_usuario VALUES(6,'teste','teste0@gmail.com','6260b5dde84e19b9ef54958d2bf68d6d505437a632de3f07e0bb21eb093001d8','83996979777',1);
INSERT INTO usuarios_usuario VALUES(7,'teste','teste01@gmail.com','370914780459f93eecb5e241718c06bf5ab5296d061770340a0953d871395670','132456789',1);
INSERT INTO usuarios_usuario VALUES(8,'patriky','patrikybrito@gmail.com','15e2b0d3c33891ebb0f1ef609ec419420c20e320ce94c65fbc8c3312448eb225','83996979777',1);
INSERT INTO usuarios_usuario VALUES(9,'horberlan','horberlan@gmail2.com','fcd7c1f66734cd7c045c4438247210eda4e9d094c9aad87d8a96d9880a25a089','',2);
CREATE TABLE IF NOT EXISTS "livro_categoria" ("id" integer NOT NULL PRIMARY KEY AUTOINCREMENT, "nome" varchar(50) NOT NULL, "descricao" text NOT NULL);
INSERT INTO livro_categoria VALUES(1,'teste','teste');
CREATE TABLE IF NOT EXISTS "django_session" ("session_key" varchar(40) NOT NULL PRIMARY KEY, "session_data" text NOT NULL, "expire_date" datetime NOT NULL);
INSERT INTO django_session VALUES('jspy7wmjlqlx962q0bdbe2lsts5yutix','.eJxVjEEOwiAQRe_C2hDawgBduvcMzXRmIqgpSSkr491tky50-997_60mbFuaWpV1yqxG1anL7zYjPWU5AD9wuRdNZdnWPOtD0Set-lZYXtfT_TtIWNNeh8iBjSGzJ0DkwbEEFyF06AUQxfZmcDMz2IF6Cr04YyOBh2h9F_1-2mrDNRc1Dp8voFk7aw:1pjlsu:G9bVTNnDZxJ7JA9SWflf2skUND665ea-Wj5qP4CIE0g','2023-04-18 19:00:00.115336');
INSERT INTO django_session VALUES('rbnqzhholceyh4wwc3gzryrl0wspnbcw','.eJxVjDEOgzAMRe_iuYoCJE7C2L1nQMa2Cm1FJEKmqncvSCys_733v1BLpXXO0McbDFS3aahF12EW6KGByzYSv3U5gLxoeWbDednWeTSHYk5azCOLfu6nezmYqEx7HZNEsZbtniBzQC8afcLYUFAkUtfazo8i6DpuObbqrUuMAZMLTQrw-wOpGztw:1plHdr:CiO8vMa4xrGsQ9_loV8kBZ5kmCUWE1mhzO4nhqSm3uw','2023-04-22 23:06:43.225907');
INSERT INTO django_session VALUES('hys4u4n1ms6xrelcdnsl2vrnmavsrc78','.eJxVjEEOwiAQRe_C2hDawgBduvcMzXRmIqgpSSkr491tky50-997_60mbFuaWpV1yqxG1anL7zYjPWU5AD9wuRdNZdnWPOtD0Set-lZYXtfT_TtIWNNeh8iBjSGzJ0DkwbEEFyF06AUQxfZmcDMz2IF6Cr04YyOBh2h9F_1-2mrDNRc1xs8XoGU7cQ:1ppKcJ:n1yTsMJmmAbMuxTwWaubThVxbXDfkhlDp_ZxHLy2RMs','2023-05-04 03:05:51.141149');
INSERT INTO django_session VALUES('y9aosxuycqi61g1c24x3ai9anqyvfu4y','.eJxVjDEOgzAMRe_iuYoCJE7C2L1nQMa2Cm1FJEKmqncvSCys_733v1BLpXXO0McbDFS3aahF12EW6KGByzYSv3U5gLxoeWbDednWeTSHYk5azCOLfu6nezmYqEx7HZNEsZbtniBzQC8afcLYUFAkUtfazo8i6DpuObbqrUuMAZMLTQrw-wOpGztw:1pscSo:e6aWd0mYE3u9jFE0F5abMhsBDmkjBW-ewEHydvn5Nc8','2023-05-13 04:45:38.466312');
INSERT INTO django_session VALUES('xeluzvn3bsuhw3iawujldpu1xly8lu99','eyJ1c3VhcmlvIjo4fQ:1ptb6w:Of1pPWDvHJXXdS8AmpzOHiVsE6Rsj2tBZ6pVO7u-fnQ','2023-05-15 21:31:06.187952');
INSERT INTO django_session VALUES('o5ghawjjc1rim6tc6mpx3cn6w8cz50sn','eyJ1c3VhcmlvIjo4fQ:1pvlqX:N3oxks72F5eTrnBuwvPtPNNKjJ9Ofh-LaFvG5nTaLGk','2023-05-21 21:23:09.955871');
CREATE TABLE IF NOT EXISTS "livro_emprestimos" ("id" integer NOT NULL PRIMARY KEY AUTOINCREMENT, "nome_emprestado" varchar(120) NULL, "data_emprestimo" date NULL, "data_devolucao" date NULL, "tempo_duracao" bigint NULL, "nome_turma_id" bigint NULL REFERENCES "usuarios_turma" ("id") DEFERRABLE INITIALLY DEFERRED, "usuario_id" bigint NULL REFERENCES "usuarios_usuario" ("id") DEFERRABLE INITIALLY DEFERRED, "emprestado_id" bigint NULL REFERENCES "livro_livros" ("id") DEFERRABLE INITIALLY DEFERRED, "esta_emprestado" bool NOT NULL);
INSERT INTO livro_emprestimos VALUES(30,NULL,'2023-04-08','2023-05-17',3369600000000,1,1,14,1);
INSERT INTO livro_emprestimos VALUES(31,'a','2023-04-29','2023-05-29',2592000000000,1,2,12,1);
CREATE TABLE IF NOT EXISTS "livro_livros" ("id" integer NOT NULL PRIMARY KEY AUTOINCREMENT, "nome" varchar(80) NOT NULL, "autor" varchar(30) NOT NULL, "co_autor" varchar(30) NULL, "data_cadastro" date NOT NULL, "img" varchar(100) NULL, "esta_emprestado" bool NOT NULL, "categoria_id" bigint NOT NULL REFERENCES "livro_categoria" ("id") DEFERRABLE INITIALLY DEFERRED, "quantidade" integer unsigned NOT NULL CHECK ("quantidade" >= 0));
INSERT INTO livro_livros VALUES(10,'programação','teste',NULL,'2023-03-31','capa_livro/image1.jpeg',1,1,5);
INSERT INTO livro_livros VALUES(11,'teste','teste',NULL,'2023-04-02','capa_livro/logo_Uoo7LIR.jpg',1,1,8);
INSERT INTO livro_livros VALUES(12,'patriky   (Indisponível)','ÂNGELA PALIOT',NULL,'2023-04-02','capa_livro/WhatsApp_Image_2023-03-17_at_23.16.34_8QnjN6f.jpeg',1,1,0);
INSERT INTO livro_livros VALUES(14,'portugues  ','teste',NULL,'2023-04-02','capa_livro/WhatsApp_Image_2023-03-17_at_23.16.06.jpeg',1,1,2);
INSERT INTO livro_livros VALUES(15,'romance','horb',NULL,'2023-04-02','capa_livro/WhatsApp_Image_2023-03-17_at_23.16.40_1.jpeg',0,1,3);
INSERT INTO livro_livros VALUES(16,'historia  ','teste',NULL,'2023-04-02','capa_livro/WhatsApp_Image_2023-03-17_at_23.17.32.jpeg',0,1,1);
INSERT INTO livro_livros VALUES(17,'alanne','jesus',NULL,'2023-04-02','capa_livro/WhatsApp_Image_2023-03-17_at_23.16.36.jpeg',0,1,1);
INSERT INTO livro_livros VALUES(18,'teste2','teste2',NULL,'2023-04-02','capa_livro/WhatsApp_Image_2023-03-17_at_23.16.39_1.jpeg',0,1,1);
DELETE FROM sqlite_sequence;
INSERT INTO sqlite_sequence VALUES('django_migrations',72);
INSERT INTO sqlite_sequence VALUES('django_admin_log',198);
INSERT INTO sqlite_sequence VALUES('django_content_type',12);
INSERT INTO sqlite_sequence VALUES('auth_permission',48);
INSERT INTO sqlite_sequence VALUES('auth_group',0);
INSERT INTO sqlite_sequence VALUES('auth_user',1);
INSERT INTO sqlite_sequence VALUES('usuarios_usuario',9);
INSERT INTO sqlite_sequence VALUES('livro_categoria',1);
INSERT INTO sqlite_sequence VALUES('livro_emprestimos',31);
INSERT INTO sqlite_sequence VALUES('livro_livros',18);
INSERT INTO sqlite_sequence VALUES('usuarios_turma',2);
CREATE UNIQUE INDEX "auth_group_permissions_group_id_permission_id_0cd325b0_uniq" ON "auth_group_permissions" ("group_id", "permission_id");
CREATE INDEX "auth_group_permissions_group_id_b120cbf9" ON "auth_group_permissions" ("group_id");
CREATE INDEX "auth_group_permissions_permission_id_84c5c92e" ON "auth_group_permissions" ("permission_id");
CREATE UNIQUE INDEX "auth_user_groups_user_id_group_id_94350c0c_uniq" ON "auth_user_groups" ("user_id", "group_id");
CREATE INDEX "auth_user_groups_user_id_6a12ed8b" ON "auth_user_groups" ("user_id");
CREATE INDEX "auth_user_groups_group_id_97559544" ON "auth_user_groups" ("group_id");
CREATE UNIQUE INDEX "auth_user_user_permissions_user_id_permission_id_14a6b632_uniq" ON "auth_user_user_permissions" ("user_id", "permission_id");
CREATE INDEX "auth_user_user_permissions_user_id_a95ead1b" ON "auth_user_user_permissions" ("user_id");
CREATE INDEX "auth_user_user_permissions_permission_id_1fbb5f2c" ON "auth_user_user_permissions" ("permission_id");
CREATE INDEX "django_admin_log_content_type_id_c4bce8eb" ON "django_admin_log" ("content_type_id");
CREATE INDEX "django_admin_log_user_id_c564eba6" ON "django_admin_log" ("user_id");
CREATE UNIQUE INDEX "django_content_type_app_label_model_76bd3d3b_uniq" ON "django_content_type" ("app_label", "model");
CREATE UNIQUE INDEX "auth_permission_content_type_id_codename_01ab375a_uniq" ON "auth_permission" ("content_type_id", "codename");
CREATE INDEX "auth_permission_content_type_id_2f476e4b" ON "auth_permission" ("content_type_id");
CREATE INDEX "usuarios_usuario_turma_id_595eaac8" ON "usuarios_usuario" ("turma_id");
CREATE INDEX "django_session_expire_date_a5c62663" ON "django_session" ("expire_date");
CREATE INDEX "livro_emprestimos_nome_turma_id_f8d0bacc" ON "livro_emprestimos" ("nome_turma_id");
CREATE INDEX "livro_emprestimos_usuario_id_3dfde5af" ON "livro_emprestimos" ("usuario_id");
CREATE INDEX "livro_emprestimos_emprestado_id_95884691" ON "livro_emprestimos" ("emprestado_id");
CREATE INDEX "livro_livros_categoria_id_8f971903" ON "livro_livros" ("categoria_id");
COMMIT;
